expo,exhibitorId,name,externalId,email,phone,website,logo,address,description,country,city,boothIds,boothNames,categoryIds,categoryNames
team26,14263380,55 Degrees AB,55 Degrees AB,,,,exhibitors/14263380/media/55-degrees-ab.webp,,"55 Degrees helps teams replace guesswork with clarity.

Our products, ActionableAgile® Analytics and Portfolio Forecaster, turn delivery data into practical insights so teams can predict delivery timelines with confidence, communicate clearly, and make informed decisions. 

Curious how teams use this in practice? Come talk to us at Team'26.",,,7483685,343,10701749,Select
team26,14263381,ACCELQ,ACCELQ,,,,exhibitors/14263381/media/accelq.webp,,"ACCELQ offers AI-powered No-Code test automation and management built on a cloud-native platform. ACCELQ provides a unified platform for web, mobile, API, database, and packaged apps. Automation-first, codeless capabilities make it easy to use for testing teams without deep programming expertise. ACCELQ allows businesses to achieve 7.5x productivity and over 72% savings with its industry-first autonomics-based automation platform.",,,7483687,333,10701749,Select
team26,14263382,Accenture,Accenture,,,,exhibitors/14263382/media/accenture.webp,,"Accenture is a leading solutions and services company that helps the world’s leading enterprises reinvent by building their digital core and unleashing the power of AI to create value at speed across the enterprise, bringing together the talent of our approximately 784,000 people, our proprietary assets and platforms, and deep ecosystem relationships. Our strategy is to be the reinvention partner of choice for our clients and to be the most client-focused, AI-enabled, great place to work in the world. Through our Reinvention Services we bring together our capabilities across strategy, consulting, technology, operations, Song and Industry X with our deep industry expertise to create and deliver solutions and services for our clients. Our purpose is to deliver on the promise of technology and human ingenuity, and we measure our success by the 360° value we create for all our stakeholders.",,,7483784,226,10701753,Title
team26,14263383,ActivityTimeline by Reliex,ActivityTimeline by Reliex,,,,exhibitors/14263383/media/activitytimeline-by-reliex.webp,,"ActivityTimeline by Reliex
ActivityTimeline is a comprehensive resource planning and time tracking application built for Jira. We provide apps that extend the capabilities of Jira, helping teams visualize project timelines, manage resources effectively, and track time with precision.
What We Offer:
As Gold Atlassian Marketplace Partner, we deliver powerful solutions that enhance Jira's native functionality. Our flagship app enables organizations to transform their project management approach through integrated capacity planning, resource scheduling, and advanced reporting capabilities.
Key Capabilities:
Resource planning and capacity management within JiraIndividual and team-level time trackingCustomizable timesheet reports and resource utilization analyticsTeam scheduling with workload indicatorsSkills-based resource allocationForecasting and planning tools
Our Commitment:
With over 5,000 teams worldwide trusting our solutions — we are dedicated to customer success and continuous innovation. ActivityTimeline is Cloud Fortified, SOC 2 certified, and ISO 27001:2022 certified, ensuring your data remains secure and protected.
We specialize in helping teams gain full visibility into who is doing what and when work will be completed, empowering better decision-making and more efficient project delivery.",,,7493150,201,10701750,Showcase
team26,14263384,"Adaptavist, part of The Adaptavist Group",Adaptavist,,,,exhibitors/14263384/media/adaptavist-part-of-the-adaptavist-group.webp,,"Adaptavist is a global technology and innovative solutions provider founded in 2005, helping organisations boost agility and overcome the challenges of digital transformation.
As a Platinum Atlassian Solution Partner, and a trusted strategic partner of AWS, GitLab, monday.com, and more, Adaptavist offers expert, end-to-end consultancy across cloud—including our strategic Atlassian Cloud transformation solution FastShift Complete, DevOps, service management, work management, agile, and more, incorporating world-leading training, managed services, and licensing solutions.
Adaptavist is part of The Adaptavist Group, whose global team exceeds 1,000 people, proudly counting more than half of the Fortune 500 among its 22,000+ customers.
The Adaptavist Group is a family of companies with one common goal: to make business work better. We combine the best talent, technology, and processes to make it easier for our customers to excel–today and tomorrow.",,,7483772,108,10701751,Signature
team26,14218783,Administration,Administration,,,,,,"Visit the Administration booth to see how centralized mission control for Atlassian Cloud gives you full visibility and the right controls to manage and scale your organization. From one intuitive hub, explore how to manage users and access, secure data, and orchestrate change across apps and sites—and how this reduces manual work, lowers risk, and aligns your Atlassian investments to your business goals.",,,7517333,Atlassian Platform,,
team26,14169671,Advisory Services,Advisory Services,,,,,,Got a challenge keeping you up at night? Our Advisory Services experts have seen it before - and solved it. Bring your challenge and leave with proven solutions you can actually take back to your team.,,,7483674,401,,
team26,14218802,Align,Align,,,,,,"The enterprise strategic work engine for tracking large initiatives, managing dependencies, and monitoring delivery against your priorities",,,7395270,Strategy Collection,,
team26,14263385,Amazon Web Services,Amazon Web Services,,,,exhibitors/14263385/media/amazon-web-services.webp,,"Since 2006, Amazon Web Services has been the world’s most comprehensive and broadly adopted cloud. AWS has been continually expanding its services to support virtually any workload, and it now has more than 240 fully featured services for compute, storage, databases, networking, analytics, machine learning and artificial intelligence (AI), Internet of Things (IoT), mobile, security, hybrid, media, and application development, deployment, and management from 120 Availability Zones within 38 Geographic Regions, with announced plans for 10 more Availability Zones and 3 more AWS Regions in the Kingdom of Saudi Arabia, Chile, and the AWS European Sovereign Cloud. Millions of customers—including the fastest-growing startups, largest enterprises, and leading government agencies—trust AWS to power their infrastructure, become more agile, and lower costs. To learn more about AWS, visit aws.amazon.com.",,,7483738,329,10701752,Strategic
team26,14218824,Analytics and Secoda,analytics-and-secoda,,,,,,"No more dead-end dashboards. Eliminate data bottlenecks and transform decision-making with self-service AI-Analytics for every member of your team, built on a foundation of governance, metadata, lineage, and documentation to power context-aware outputs.",,,7517333,Atlassian Platform,,
team26,14263386,ANB Technologies LLC,ANB Technologies LLC,,,,exhibitors/14263386/media/anb-technologies-llc.webp,,"About ANB Technologies LLC
ANB Technologies is a global Atlassian consulting and services firm headquartered in the NY/NJ area, helping organizations simplify, digitalize, and automate enterprise processes. As an Atlassian Gold Solution Partner and ITSM Specialized Partner, we enable teams to work smarter, improve service delivery, and accelerate business outcomes through the Atlassian platform.
Our certified experts bring deep experience across IT Service Management, enterprise agility, and modern ways of working. With strong foundations in ITIL, DevOps, and SAFe™, we help organizations align technology, process, and people, ensuring sustainable improvements that drive efficiency, productivity, and measurable results.
How We Help
Strategic AdvisoryWe partner with you to design tailored strategies that optimize IT, HR, and Agile/DevOps operations, ensuring your Atlassian investments align with your business goals.
Seamless ImplementationsFrom Jira Service Management and Confluence to Jira Align and beyond, we deliver smooth deployments, smart integrations, and customized configurations built for your unique environment.
Managed Support &amp; OptimizationOur ongoing support services keep your Atlassian ecosystem running at peak performance with proactive monitoring, issue resolution, and continuous system optimization.
Atlassian Licensing &amp; Cost OptimizationWe simplify licensing management, from acquisition and renewals to portfolio optimization, helping you maximize ROI and control costs.
Organizational Change Management (OCM)We drive adoption with structured change management, including readiness assessments, targeted training, and stakeholder engagement to ensure lasting success.
Ready to transform your enterprise with a trusted Atlassian partner?Connect with ANB Technologies to unlock the full potential of the Atlassian platform.",,,7483681,345,10701751,Signature
team26,14263387,Appfire,Appfire,,,,exhibitors/14263387/media/appfire.webp,,"At Appfire, we believe work should move forward with purpose. For more than two decades, we have proven that extending and connecting the world's leading platforms unlocks new levels of productivity across DevOps, Software Engineering, and Service Management teams. We build enterprise-grade solutions around real workflows. By enhancing — not replacing — leading platforms, we reduce manual work, improve visibility across teams and processes, and remove the friction that slows execution. Trusted by more than 27,000 organizations worldwide, more than 50% of which are from the Fortune 500, Appfire delivers secure, intelligent, and integrated solutions that meet customers in the platforms they already rely on, including Atlassian. Learn more at www.appfire.com.",,,7483775,104,10701748,Premier
team26,14218819,Ascend to cloud,ascend-to-cloud,,,,,,"At the Atlassian Ascend booth you will, discover programs, tools, and expert guidance to make your move from Data Center to cloud faster and easier. Walk away with a clear next step—whether you’re evaluating, planning, or ready to migrate.",,,7517333,Atlassian Platform,,
team26,14218837,Assets,assets,,,,,,"Keep track of all your important assets in one place. The Assets app lets you define, track, and connect any kind of asset—hardware, software, content, people, contracts, and more. Use it across HR, facilities, legal, and other teams to model the resources and data your business runs on.",,,7395272,Service Collection,,
team26,14255771,Atlassian Cafe,atlassian-cafe,,,,,,,,,7483781,113,,
team26,14169690,Atlassian Cafe,Atlassian Cafe,,,,,,,,,7536375,328,,
team26,14169677,Atlassian Foundation,Foundation,,,,,,Help teams grow from idea to impact at the Atlassian Foundation booth.🌳 Direct Kiva.org micro-loans to social enterprise teams. Plus connect with the Atlassian Foundation team about product discounts and Atlassian's social impact and sustainability efforts.,,,7483756,200,,
team26,14169673,Atlassian Williams F1 Team,AWF1,,,,,,"Propelling Atlassian Williams F1 Team forward
As the Official Title and Technology Partner of Atlassian Williams Racing, Atlassian is helping transform how one of the world’s most iconic teams works.

Discover how Atlassian Williams F1 team is accelerating the flow of work, unlocking knowledge, sharing insights, and moving even faster toward their goals with the power of Atlassian apps and agents. See the official show car, watch real demos, get exclusive swag and more.",,,7483757,117,,
team26,14169672,Atlasstian for Startups,Atlasstian for Startups,,,,,,Visit the Atlassian for Startups booth to meet the team that collaborates with founders every day.&nbsp; Learn more about how Atlassian supports startups at every stage of their growth!,,,7483761,229,,
team26,14218840,Bitbucket,bitbucket,,,,,,"<p>Code and CI/CD, powered by AI and the Atlassian platform. Accelerate delivery from idea to code to production with a seamless connection to Jira and AI that goes beyond code creation.</p>",,,7395271,Software Collection,,
team26,14169692,Braindate,Braindate,,,,,,,,,7483778,101,,
team26,14263389,BrowserStack Inc.,BrowserStack Inc.,,,,exhibitors/14263389/media/browserstack-inc.webp,,"BrowserStack is a comprehensive test platform for web and mobile applications, with AI agents embedded at every stage of the testing lifecycle. It helps developers and QA teams plan, create, execute, and validate tests, so they can deliver high-quality software faster and with greater confidence.
The platform brings together functional and non-functional testing in one place, including automation, low-code testing, visual testing, performance, accessibility, test management, and reporting.
Trusted by over 50,000 teams worldwide, including Amazon, Microsoft, and NVIDIA, BrowserStack runs more than three million tests every day across 21 global data centers, with instant access to over 30,000 real devices and browsers.
Founded in 2011, BrowserStack is a privately held company backed by Accel, Bond, and Insight Partners. Learn more at browserstack.com",,,7483726,319,10701751,Signature
team26,14263390,Caelor,Caelor,,,,exhibitors/14263390/media/caelor.webp,,"Caelor develops award-winning apps built specifically for the Atlassian ecosystem. Our product suite includes Confluence apps such as Optics, which is designed to help teams create engaging, on-brand pages in seconds using expertly designed templates that ensure consistency and clarity.
It also includes Jira apps such as Shoppie for Jira Service Management, which transforms your JSM portal into a fully integrated internal shop, allowing teams to browse, request, and track assets or services with ease.
We help teams get more out of Jira and Confluence by making collaboration easier, content more engaging, and service processes smoother.",,,7483698,331,10701749,Select
team26,14263391,catworkx,catworkx,,,,exhibitors/14263391/media/catworkx.webp,,"catworkx is a 100% Atlassian-dedicated Platinum Solution Partner, recognized as Atlassian Partner of the Year 2024–2025: High Velocity Service Management. We specialize in enterprise-level services across the full Atlassian product suite, with deep expertise in Agile at Scale, IT Service Management (ITSM), and Cloud solutions.
catworkx offers comprehensive support in enterprise integrations, process consulting, platform operations, official Atlassian training, app development, and licensing services.As part of the TIMETOACT GROUP, catworkx integrates Atlassian into complex IT environments, connecting it seamlessly with broader enterprise ecosystems.
With over 360 experts across 11 countries, we deliver solutions that empower organizations to scale, optimize collaboration, and drive digital transformation.",,,7483768,114,10701751,Signature
team26,14263392,Clovity,Clovity,,,,exhibitors/14263392/media/clovity.webp,,"Clovity is a US-based Atlassian Platinum Solution Partner and a trusted leader in helping public sector organizations, federal agencies, and large enterprises modernize mission-critical operations. With a strong focus on government and regulated industries, Clovity enables improved service delivery, governance, compliance, and operational efficiency through secure, scalable, Atlassian-powered solutions.
Clovity delivers AI-powered process transformation through practical, use-case-driven innovation that helps organizations modernize, scale, and optimize complex workflows. By leveraging enterprise-ready emerging technologies, Clovity enhances efficiency, collaboration, transparency, and data-driven decision-making, particularly within highly regulated environments.
With Atlassian at the core of its transformation strategy, Clovity specializes in Enterprise Service Management (ESM), workflow modernization, DevSecOps, and CI/CD optimization. Its comprehensive portfolio spans AI-driven workforce solutions, enterprise workflow management, cloud services, and data analytics, combining deep public sector expertise with advanced technical capabilities to deliver secure, compliant, and future-ready solutions at scale.
A five-time Inc. 5000 honoree (2021–2025) and Great Place to Work® certified, Clovity is recognized by leading industry bodies for innovation and sustained growth. As a minority-owned business with a strong commitment to diversity and inclusion, Clovity continues to drive meaningful, large-scale digital transformation across both public and private sectors.",,,7483727,327,10701751,Signature
team26,14263393,codefortynine,codefortynine,,,,exhibitors/14263393/media/codefortynine.webp,,"As an Atlassian Platinum Marketplace Partner, codefortynine supports over 20,000 customers and 2.5 million users in over 150 countries. Our SOC2 and GDPR compliant apps are valued by organizations for their reliability and scalability, with a strong focus on ITSM.
Recognized as Atlassian Partner of the Year 2022 for ITSM Apps, and named a finalist in 2023 for Enterprise Apps and in 2024–2025 for the Change-Maker award.
We support teams in improving workflows and getting more out of Jira and Confluence.",,,7483694,332,10701751,Signature
team26,14169674,Community,Community,,,,,,"Learn, connect, and grow with the Atlassian Community.",,,7483755,100,,
team26,14218829,Confluence,confluence,,,,,,"<p>Confluence is the front door to your company's knowledge. Collaborate with your teams and AI to find what you need, build on what you know, and turn it into action.</p>",,,7395275,Teamwork Collection,,
team26,14263394,Cprime,Cprime,,,,exhibitors/14263394/media/cprime.webp,,"Cprime helps organizations succeed after Atlassian Cloud migration. 
With over 12 years of Atlassian expertise and hundreds of Cloud migrations delivered, we partner with leaders and teams to turn Cloud into a platform for sustained value. Our approach focuses on how work flows, how decisions move, and how human-enabled AI is embedded into Jira and Confluence in ways people actually adopt, so visibility improves, execution accelerates, and Cloud value continues to grow long after go-live.",,,7483785,223,10701752,Strategic
team26,14263395,Creativas FZCO,Creativas FZCO,,,,exhibitors/14263395/media/creativas-fzco.webp,,"Creativas is an Atlassian Gold Marketplace Partner building intuitive and high-impact apps that elevate the Atlassian experience. From the most installed LMS for Confluence to a growing portfolio of productivity solutions, our vision is to help teams work smarter, collaborate better, and scale faster.",,,7483743,312,10701749,Select
team26,14218838,Customer Service Management,customer-service-management,,,,,,"The Customer Service Management app unites support, product, and engineering on a single platform to deliver exceptional customer service. Working side-by-side, AI and your support teams have access to unmatched context across your tools like similar tickets, relevant stakeholders, and more to deliver faster, personalized support experiences.",,,7395272,Service Collection,,
team26,14169676,Customer Signals and Insights (CSI),Customer Signals and Insights (CSI),,,,,,"Your voice directly shapes Atlassian’s apps and experiences! Put on your detective hat and uncover clues to help us solve some ""cold"" cases.",,,7483675,352,,
team26,14263396,Decadis AG,Decadis AG,,,,exhibitors/14263396/media/decadis-ag.webp,,"As an Atlassian Platinum Marketplace Partner, we build exceptional, enterprise-ready apps designed to enhance your experience with Atlassian products, particularly Jira.
With offices in Koblenz, Germany, and Seville, Spain, along with a dynamic remote team, we've earned the trust of over 14 million users across top global companies. This success stems from our unwavering commitment to innovation and ensuring customer satisfaction. Our passion for expanding within the Atlassian ecosystem keeps us leading the way in the industry.
Security, compliance, and reliability are at the core of everything we do. Our ISO 27001 certification ensures rigorous data protection, continuous process improvement, and risk mitigation, so you can confidently rely on our solutions.
Let's discover how we can elevate your Atlassian experience together!",,,7483734,315,10701749,Select
team26,14263397,Deviniti,Deviniti,,,,exhibitors/14263397/media/deviniti.webp,,"Your Double Platinum Atlassian Powerhouse
With over 21 years of expertise and 15,000+ global customers, Deviniti is a Double Platinum Atlassian Partner (Solution &amp; Marketplace). We bridge the gap between complex infrastructure and seamless collaboration for Cloud and Data Center environments.
Named a finalist for Atlassian Partner of the Year 2024–2025 and a Deloitte Technology Fast 50 ""Impact Stars"" winner - just one of our many industry accolades.
We empower teams by deploying cutting-edge AI tools like Atlassian Rovo and custom automation to turn data into actionable intelligence.
Our 50+ certified Atlassian experts hold specializations in Cloud Migration and ITSM, ensuring secure, scalable, and modern IT operations.From our headquarters in Wrocław to partners in 38 countries, we don't just implement tools; we accelerate your digital evolution across a wide range of industries.",,,7483680,337,10701751,Signature
team26,14218799,Dia,Dia,,,,,,,,,7395275,Teamwork Collection,,
team26,14218841,DX,dx,,,,,,"Developer intelligence for the AI era. DX helps organizations measure developer productivity, accelerate velocity with data, and navigate the shift to AI-augmented engineering.",,,7395271,Software Collection,,
team26,14263398,e-Core,e-Core,,,,exhibitors/14263398/media/e-core.webp,,"e-Core is a global digital consulting partner that accelerates business results by combining human expertise with the power of intelligent agents. We connect strategy, technology, and ways of working to build smarter, scalable, and governable digital environments — from platform modernization to AI-enabled development, service management, and modern operating models.With a collaborative and pragmatic approach, and in close partnership with leading platforms such as Atlassian, AWS, and Google Cloud, we help organizations cut through complexity, increase productivity, and transform how they build, operate, and collaborate to achieve their business goals.",,,7483699,338,10701749,Select
team26,14263399,eazyBI,eazyBI,,,,exhibitors/14263399/media/eazybi.webp,,"eazyBI is the leading reports, charts, and dashboards app for Jira and Confluence Cloud and Data Center. With native Jira and Confluence integrations, eazyBI is Enterprise-ready – powerful, scalable, and secure, adapting to growing reporting needs for organizations of all sizes.",,,7483769,112,10701751,Signature
team26,14263400,Eficode,Eficode,,,,exhibitors/14263400/media/eficode.webp,,"Better made possible
Eficode is the leading provider of DevOps and AI solutions that drive real impact, with offices in Europe, the United Kingdom and the United States. Eficode empowers organizations to create a software development culture that unlocks their potential with the right ways of working, the right tools, and the right skillset.

Eficode provides a full range of services, from expert consulting and Eficode ROOT Managed DevOps platform, to training and license management. Eficode works with leading DevOps and cloud technology partners, including Atlassian, GitHub, GitLab, AWS, and Microsoft.",,,7483736,314,10701751,Signature
team26,14263401,Elevatic,Elevatic,,,,exhibitors/14263401/media/elevatic.webp,,"Elevatic specializes in creating innovative apps that improve the digital workplace experience in communication, digital transformation, and agile work. As an Atlassian Platinum Marketplace Partner, Elevatic focuses on developing apps that solve recurring problems, elevating the performance of Atlassian solutions.",,,7483764,232,10701751,Signature
team26,14263402,Empyra,Empyra,,,,exhibitors/14263402/media/empyra.webp,,"Specialized in ITSM and Cloud Migration, Empyra has over three decades of consulting and implementation expertise as a premier Atlassian Platinum Solution Partner headquartered in the United States. Our extensive track record includes aiding countless clients worldwide in reshaping their business methodologies, amplifying collaboration through Atlassian tools, and spearheading innovative automation solutions. We offer enterprise-level solutions and implementation services spanning the entire suite of Atlassian products. Our specialized focus areas encompass Cloud migration, ITSM, CI/CD, Agile methodologies, and DevOps practices.
Backed by a team of seasoned Atlassian Certified Consultants, we cater to all your Atlassian needs, from license management and cost optimization to Agile transformations, data migration, custom app development, integrations, training, support, and maintenance. Our approach hinges on becoming your strategic delivery partner, prioritizing a deep understanding of your unique business landscape and long-term aspirations before crafting bespoke solutions. We advocate for simplicity, flexibility, and tailor-made approaches throughout the engagement process.
Empyra's alliances with leading technology providers empower us to deliver tangible value, drive customer success, and maximize returns on investment. Our commitment to excellence is underscored by our array of Atlassian-certified apps on the Marketplace, showcasing our proven proficiency. Renowned corporations such as NASA, SAP, Rakuten, Experian, and Morgan Stanley have entrusted us to streamline and elevate their operational frameworks.
Explore how Empyra can unlock the full potential of Atlassian products for your organization by visiting our website at https://empyra.com/.",,,7483697,330,10701749,Select
team26,14263403,Exalate,Exalate,,,,exhibitors/14263403/media/exalate.webp,,"Exalate is a flexible, AI-assisted, script-based integration solution for teams working across complex, multi-system environments.
Teams use Exalate to keep work in sync across Jira, ServiceNow, Azure DevOps, Salesforce, Zendesk, Freshdesk, Freshservice, Asana, GitHub, and more — securely and in real time.
With fine-grained control over what’s shared, when it’s shared, and how it flows, Exalate is a strong fit for cross-company collaboration, ITSM, and development workflows.
Backed by over a decade of integration expertise and trusted by thousands of Jira users, Exalate is one of the most widely adopted integration apps on the Atlassian Marketplace — built for real-world complexity.",,,7483731,318,10701749,Select
team26,14218800,Focus,Focus,,,,,,The strategy and portfolio command center to model your business and set outcome-driven priorities,,,7395270,Strategy Collection,,
team26,14218787,Forge,Forge,,,,,,"Forge helps you get more out of Atlassian Cloud by turning your unique requirements into secure, scalable apps that run right alongside Jira, Confluence, and more. Whether you’re modernizing legacy customizations or delivering new solutions for your teams, Forge gives builders a governed way to launch custom apps without compromising on compliance, performance, or maintainability. Visit the Forge booth to see real examples, talk through your use cases, and leave with a clear path to building your first (or next) high-impact app on the Atlassian platform.",,,7517333,Atlassian Platform,,
team26,14263404,GitProtect by Xopero Software,GitProtect by Xopero Software,,,,exhibitors/14263404/media/gitprotect-by-xopero-software.webp,,"GitProtect by Xopero Software is a powerful automated and manageble backup and Disaster Recovery solution designed for Jira, Bitbucket, and the entire DevOps stack, including GitHub, GitLab, and Azure DevOps. It ensures Jira Admins, DevOps, and Security teams have full control over data accessibility and workflow continuity.
Trusted by Fortune 500 companies, public institutions, and organizations in highly regulated industries, GitProtect helps meet Cloud Shared Responsibility Model requirements, supports compliance with security standards, and equips teams with audit-ready governance, advanced reporting, and industry-leading security features.",,,7483744,313,10701749,Select
team26,14218788,Goals,Goals,,,,,,"Keep everyone moving in the same direction. The Goals app connects your company’s vision to outcomes. With real-time tracking and structured reporting, it’s easy to see what’s working, what’s at risk, and what to do next.",,,7517333,Atlassian Platform,,
team26,14263405,Google Cloud,Google Cloud,,,,exhibitors/14263405/media/google-cloud.webp,,"Google Cloud is the new way to the cloud, providing AI, infrastructure, developer, data, security, and collaboration tools built for today and tomorrow. Google Cloud offers a powerful, optimized AI stack with its own planet-scale infrastructure, custom-built chips, generative AI models and development platform, as well as agents and applications, to help organizations transform. Customers in more than 200 countries and territories turn to Google Cloud as their trusted technology partner.",,,7483787,221,10701748,Premier
team26,14218784,Guard,Guard,,,,,,"Complex and regulated organizations rely on Atlassian Guard to protect their most valuable work, maintain compliance, and move to cloud with confidence. Guard extends the secure Atlassian Cloud Platform with advanced capabilities such as data loss prevention, threat detection and response, and centralized identity and access management. Visit the booth to learn more and see new capabilities in action, including service accounts, data redaction, and incident response automation.",,,7517333,Atlassian Platform,,
team26,14263406,ikuTeam,ikuTeam,,,,exhibitors/14263406/media/ikuteam.webp,,"ikuTeam helps people collaborate without friction inside Jira and Confluence. We build apps that connect cloud storage, enable in-place editing of Word, Excel, and PowerPoint files, and keep files and folders aligned with day-to-day work—so everything stays in context and teams keep moving.
Trusted by more than 12,000 teams and over one million users worldwide, ikuTeam’s apps provide real-time editing for Microsoft Office and PDF files and integrate securely with platforms such as SharePoint, OneDrive, Google Drive, Box, Dropbox, and Egnyte. This enables reliable, automated file and document workflows directly where planning, tracking, and collaboration happen.
As a trusted Atlassian Marketplace vendor, ikuTeam focuses on reliability, security, and real-world usability. Our products support both everyday collaboration and enterprise requirements, helping organizations manage files, folders, and workflows efficiently across Jira and Confluence.",,,7483700,339,10701749,Select
team26,14169678,Impact Makers,Impact Makers,,,,,,"Looking for a chance to share your Atlassian story? Become an Impact Maker! Stop by the Impact Makers booth, meet the Customer Marketing team, and learn more about our advocacy program.",,,7483677,348,,
team26,14263407,Isos Technology,Isos Technology,,,,exhibitors/14263407/media/isos-technology.webp,,"Isos Technology partners with organizations to streamline, optimize, and modernize the way they work. As an Atlassian Platinum Solution Partner, our solutions combine Atlassian technology, industry expertise, and operational best practices to drive impactful business outcomes for clients. Clients trust our experience in service management, cloud upgrades, enterprise strategy and planning, AI adoption, and support services to create lasting value. Founded in 2005, Isos has helped thousands of commercial and public sector clients transform how they work and unlock the full potential of their organization.",,,7483786,220,10701752,Strategic
team26,14218795,Jira,Jira,,,,,,"Jira is where projects practically manage themselves – where teams and AI agents orchestrate work together, from planning projects to tracking progress to delivering outcomes at scale.",,,7395275,Teamwork Collection,,
team26,14218842,Jira Product Discovery,jira-product-discovery,,,,,,"Jira Product Discovery helps product teams prioritize what to build next with confidence, by capturing and connecting ideas in one place, applying flexible prioritization frameworks and AI-powered insights to make better decisions, and publishing clear, shareable roadmaps that keep teams and stakeholders in sync.",,,7395273,Product,,
team26,14218836,Jira Service Management,jira-service-management,,,,,,"Jira Service Management helps businesses modernize IT service and operations management, by unifying asset data into a single source of truth, accelerating incident and change workflows with advanced AIOps, and centralizing Dev and Ops on one platform.",,,7395272,Service Collection,,
team26,14263408,K15t,K15t,,,,exhibitors/14263408/media/k15t.webp,,"K15t helps teams share their knowledge, everywhere it’s needed with users, customers, partners, and employees.
The Scroll Content Tools are a collection of Confluence apps that let you effortlessly manage and publish your team’s content and documentation. Choose from a range of features to meet your user’s needs, from powerful publishing to flexible content management.
Backbone Work Sync synchronizes Jira work items across projects and instances for seamless inter-team collaboration without switching between Jira instances.",,,7483767,231,10701748,Premier
team26,14263409,knowmad mood,knowmad mood,,,,exhibitors/14263409/media/knowmad-mood.webp,,"knowmad mood is a leading multinational in digital transformation, combining talent, technology and business to deliver value to 1,000+ clients since 1994. With 3,000 professionals, €210M audited revenues in 2024 and presence in 10 countries, it develops projects in architecture, software development, system integration and managed services. The Group includes companies such as DEXS, New Verve, Incipy, Interwor, ASERVO, Grupo Antea, Vanture ESS and Buzz.",,,7483689,342,10701749,Select
team26,14263410,"Kolekti, part of The Adaptavist Group",Kolekti,,,,exhibitors/14263410/media/kolekti-part-of-the-adaptavist-group.webp,,"At Kolekti, we help ambitious teams get more from Confluence spaces and pages by making ideas easier to create, clearer to read, and ready to act on.
With Mosaic for Confluence, teams transform cluttered pages and scattered thinking into structured, engaging content that moves work to meaningful outcomes, faster and together.
By curating content, simplifying workflows, and adding visual structure to collaboration, Kolekti helps teams unlock more value from Confluence at scale.
Kolekti is part of The Adaptavist Group, whose global team exceeds 1,000 people, proudly counting more than half of the Fortune 500 among its 22,000+ customers.
The Adaptavist Group is a family of companies with one common goal: to make business work better. We combine the best talent, technology, and processes to make it easier for our customers to excel–today and tomorrow.",,,7483770,110,10701749,Select
team26,14263411,Lansweeper,Lansweeper,,,,exhibitors/14263411/media/lansweeper.webp,,"Lansweeper, the leader in Technology Asset Intelligence, empowers organizations with a single source of truth, delivering comprehensive asset visibility and actionable insights. Its powerful platform helps businesses unlock the full potential of their technology investments, driving smarter strategic decisions, reducing risks, and enhancing operational efficiency.",,,7483737,322,10701751,Signature
team26,14218797,Loom,Loom,,,,,,"Loom is video communication that moves work forward, while turning every meeting into powerful organizational context for humans and AI.",,,7395275,Teamwork Collection,,
team26,14218794,Marketplace,Marketplace,,,,,,"Discover the Atlassian Marketplace at TEAM ’26 - your one-stop shop for apps that extend Jira, Confluence, and more to make Atlassian work your way. At the Marketplace booth, take a brief interactive quiz about your biggest pain points and receive a curated set of solutions and apps to help your teams collaborate more effectively with the tools they use daily.",,,7517333,Atlassian Platform,,
team26,14263414,Modus Create,Modus Create,,,,exhibitors/14263414/media/modus-create.webp,,"Consistently recognized as an award-winning Atlassian partner, Modus Create delivers cloud modernization, AI-powered workflows, and custom engineering that creates strategic solutions beyond standard implementations.",,,7483746,321,10701749,Select
team26,14263415,Mumo Systems,Mumo Systems,,,,exhibitors/14263415/media/mumo-systems.webp,,"Mumo Systems helps enterprises simplify complexity and drive meaningful transformation across work streams and collaboration through Atlassian solutions. As an Atlassian Platinum and Enterprise Solution Partner, and recipient of the Atlassian Partner of the Year award, we empower IT leaders to unlock agility, enhance service delivery, and scale with confidence.
We support organizations on their journey to modern, efficient, and AI-powered operations. Whether you're migrating, consolidating, optimizing, or extending your Atlassian ecosystem, we bring the technical depth and strategic insight to deliver lasting impact.
Our Expertise Includes:

Cloud Migrations &amp; Instance Consolidation - Transition from ServiceNow, Rally, Cherwell, or Atlassian Server/Data Center to Atlassian Cloud. Unify Jira and Confluence under a single enterprise license to improve visibility and control.
Enterprise Service Management (ESM) - Implement ITSM and business workflows that drive consistency, speed, and alignment across IT, HR, Facilities, Procurement, and more.
AI &amp; Automation Strategy - Integrate Atlassian’s emerging AI tools and automated workflows to boost productivity, streamline service, and support data-driven decisions.
Custom Integrations &amp; App Development - Extend your tools with custom-built apps and integrations that embed directly into your workflows, automating tasks, enhancing UX, and connecting systems.
Managed Services &amp; Platform Support - Offload day-to-day maintenance with certified Atlassian experts who provide proactive support, user enablement, and platform optimization.
Process Optimization &amp; Advisory Consulting - Align your tools with strategic initiatives. We assess, recommend, and implement solutions across Agile, ITSM, DevOps, and ESM.
Value-Added Licensing &amp; Renewals - Simplify procurement with transparent pricing, unlimited quotes, flexible terms, and proactive renewal planning.

Why Mumo Systems?
We don’t just implement tools, we partner in your success. Our mission is to help your teams operate with greater clarity, speed, and impact by simplifying systems, streamlining processes, and driving measurable outcomes.",,,7483732,316,10701749,Select
team26,14263416,Nagarro,Nagarro,,,,exhibitors/14263416/media/nagarro.webp,,"Nagarro is a trusted Atlassian Enterprise Platinum Solution Partner. As global digital engineering experts, we help future-proof your business through a fluidic, innovative, digital-first mindset and thus win in your markets. Our specialized services are designed to optimize Atlassian solutions for diverse teams, ranging from software and IT to business units such as Sales, HR, and QA. With a global team of 17,700 Nagarrians in 39 countries, we excel in integrating processes for agile project management, cloud migration, DevOps, and IT service management (ITSM), ensuring a seamless and efficient agentic workflow for your organization.",,,7483728,317,10701749,Select
team26,14263417,Nimble Evolution,Nimble Evolution,,,,exhibitors/14263417/media/nimble-evolution.webp,,"We are a leading provider of training and innovative solutions for tools like Jira, Confluence, and Bitbucket, ensuring your company makes the most of what Atlassian has to offer.
As partners since 2009, we leverage our expertise in DevOps, Agility, Continuous Improvement, and Project Management to help clients maximize the business outcomes that Atlassian solutions provide.
Our specializations in Cloud and ITSM allow us to create tailor-made solutions for the emerging needs of companies in the digital age. Our approach focuses on client results, driving revenue, strengthening teams, and fostering growth for businesses of all sizes.
We are leaders in migrating legacy systems to Atlassian platforms, ensuring smooth transitions of historical data and optimized workflows. We have revolutionized teams of major retail leaders, insurers, and banks, helping them unlock the full potential of Cloud versions of Jira and other Atlassian tools.
As your partner in Atlassian excellence, Nimble Evolution is committed to transforming your business environment into a more agile, efficient, and innovative space.
Start your journey towards operational excellence and digital transformation with Nimble Evolution!",,,7483684,344,10701749,Select
team26,14263420,Oxalis Solutions,Oxalis Solutions,,,,exhibitors/14263420/media/oxalis-solutions.webp,,"Oxalis isn’t just a technology partner. We’re your unfair advantage. We solve complex problems fast, with secure, high-impact Atlassian solutions built for regulated industries.
As a Platinum Solution Partner with specializations in Service Management, Cloud, Enterprise Strategy &amp; Planning, and Software Development, Oxalis is trusted by government agencies, shipyards, manufacturers, health systems, and highly regulated teams that simply can’t afford to fail.
We help teams optimize service delivery, modernize cloud environments, and align strategy to execution—all while meeting the strictest compliance, security, and performance standards.
What sets us apart? We embed quickly, stay engaged, and deliver real results. Our consultants bring a rare blend of technical excellence and human empathy, building long-term partnerships rooted in trust and measurable impact.
Let’s solve what matters, together.",,,7483765,234,10701751,Signature
team26,14263421,Perforce Gliffy,Perforce Gliffy,,,,exhibitors/14263421/media/perforce-gliffy.webp,,"Gliffy helps busy teams save time and build better documentation by bringing intuitive technical diagramming to Confluence. Create detailed flowcharts, Mermaid diagrams, UML diagrams, and more directly in Confluence—no external tools or connectors.",,,7483690,354,10701751,Signature
team26,14263423,Praecipio,Praecipio,,,,exhibitors/14263423/media/praecipio.webp,,"Your business deserves more than a cookie-cutter approach. We align your Atlassian tools with your vision, delivering strategic solutions, seamless implementations, and efficient migrations that empower clarity, modernization, and real-time insights for unparalleled success.
We tackle the big issues that hold you back, like hidden work and budget drains that most Atlassian partners overlook. At Praecipio, we go beyond setting up tools, ensuring your Atlassian products align with your strategic vision through flexible licensing and tailored consulting services. Think expert guidance and hands-on support that focuses on real results.",,,7483683,336,10701749,Select
team26,14255776,Professional Headshots,professional-headshots,,,,,,,,,7483747,218,,
team26,14218790,Projects,Projects,,,,,,"Get a clear view of project status at a glance. The Projects app provides a single source of truth for what’s on track, what’s blocked, and what’s coming next. It pulls key details together so everyone can understand progress quickly.",,,7517333,Atlassian Platform,,
team26,14263424,re:solution,re:solution,,,,exhibitors/14263424/media/resolution.webp,,"This Berlin-based company offers a comprehensive range of Cloud apps, including NASA - Not Another Standup App and their latest addition: User Manager for Cloud. You will also find integrations with third-party platforms like HubSpot, monday.com, and Smartsheet, plus productivity boosters like Language Translation for JSM and Out of Office Assistant for Jira Cloud. In addition to their Cloud portfolio, they develop enterprise-level user management apps for Atlassian Data Center.",,,7483686,341,10701749,Select
team26,14263425,Refined,Refined,,,,exhibitors/14263425/media/refined.webp,,"Refined is the AI-powered experience layer for Atlassian Confluence and Jira Service Management—delivering clear, branded, audience-aware knowledge and service solutions trusted by Apple, IBM, NVIDIA, Santander, Airbnb, and more than 5,000 organizations in 100+ countries. Based in Malmö, Sweden, Refined is a proud Atlassian Cloud Fortified Premium Marketplace Partner.",,,7483774,107,10701751,Signature
team26,14218818,Regulated industries,regulated-industries,,,,,,"Atlassian Cloud is built for all customers - including those in Regulated Industries. With deployment options like Isolated Cloud and Government Cloud, data residency controls, and robust regional and industry compliance certifications, you can unlock cloud innovation and drive greater efficiency, all while ensuring your mission-critical data stays secure.",,,7517333,Atlassian Platform,,
team26,14169679,Research Workshop,Research Workshop,,,,,,"Shape the future of Atlassian in our Research Workshop! Jump into hands‑on activities, share your story, and turn your feedback into what we build next.",,,7483676,347,,
team26,14263428,Rewind,Rewind,,,,exhibitors/14263428/media/rewind.webp,,"Rewind is the leading data protection platform for Atlassian Cloud.
As an Atlassian Platinum Marketplace Partner and Cloud Fortified app, Rewind helps teams protect critical Jira, Confluence, and DevOps data from accidental deletion, outages, and security incidents.
Rewind provides automated, daily backups with fast, granular recovery—so teams can restore exactly what they need without disrupting their entire environment. With support for long-term data retention, compliance requirements, and multi-platform DevOps tools, Rewind gives IT and Atlassian admins confidence that their data is always recoverable.
Trusted by thousands of Atlassian customers, Rewind installs in minutes and works seamlessly alongside Atlassian Cloud to help teams move fast—without risking their data.",,,7483776,102,10701748,Premier
team26,14263429,"Ricksoft, Inc.","Ricksoft, Inc.",,,,exhibitors/14263429/media/ricksoft-inc.webp,,"Work moves fast. Your tools should too.
As an Atlassian Platinum Solution Partner and Gold Marketplace Partner, Ricksoft delivers enterprise-grade work management across Jira and Confluence through both solutions and marketplace apps. We help organizations implement and scale Atlassian, and build powerful extensions that make planning, tracking, and collaboration easier for teams of any size.",,,7483695,340,10701751,Signature
team26,14218782,Rovo,Rovo,,,,,,"Step into the Rovo Hub to see how AI-native teams get more productive and ship faster. Rovo integrates directly into the DNA of your organization to create a single, intelligent layer across your business. Allowing your teams to experience a new era where AI connects every app, team, and workflow to elevate collaboration, team dynamics, and fulfillment at work. Get faster search, smarter chat, specialized agents , and an AI powered studio that work seamlessly together to accelerate your results.",,,7395276,Rovo,,
team26,14218839,Rovo Dev,rovo-dev,,,,,,"AI‑powered, developer‑led automation from your terminal to your PRs. Eliminate the busywork that slows your engineering team down so they can focus on shipping great software.",,,7395271,Software Collection,,
team26,14263431,"ScriptRunner, part of The Adaptavist Group","ScriptRunner, part of The Adaptavist Group",,,,exhibitors/14263431/media/scriptrunner-part-of-the-adaptavist-group.webp,,"ScriptRunner is the market-leader when it comes to stretching Jira, Confluence and your other favourite tools beyond their limits; for teams of any size, in any industry. Our must-have suite of super-apps provide new and unlimited possibilities for automation, customisation and integration, condensed into a simple, nimble toolkit.
Automate boring, time-consuming or critical tasks to optimise day-to-day running and ensure that everyone sleeps easy.
ScriptRunner is part of The Adaptavist Group, whose global team exceeds 1,000 people, proudly counting more than half of the Fortune 500 among its 22,000+ customers.
The Adaptavist Group is a family of companies with one common goal: to make business work better. We combine the best talent, technology, and processes to make it easier for our customers to excel–today and tomorrow.",,,7483771,109,10701751,Signature
team26,14263432,Seibert Group,Seibert Group,,,,exhibitors/14263432/media/seibert-group.webp,,"The Seibert Group is an international group of several companies with a common goal: to support organizations in improving collaboration within their teams and successfully driving digital transformations.
As an expert in Modern Work, agile scaling and IT service management, we offer comprehensive solutions for companies. Alongside our joint-ventures draw.io and Aura Apps, we provide powerful tools built around Atlassian, Google and Miro, as well as individual consulting and tailored services.
In doing so, we rely on decades of experience: Since 1996, we have been supporting organizations in working in a self-organized, responsible and agile way. Worldwide, the Seibert Group employs over 500 people in Europe (Germany, Austria, Denmark, France) and the USA. In 2023, we generated revenues of over 100 million euros.",,,7483766,228,10701752,Strategic
team26,14263433,ServiceRocket,ServiceRocket,,,,exhibitors/14263433/media/servicerocket.webp,,"ServiceRocket is a Platinum Solution Partner with expert teams across the United States, United Kingdom, Europe, South America, and Asia Pacific. Since our founding in 2003, we've delivered trusted Atlassian solutions that help organizations simplify complexity and drive meaningful growth.
With deep expertise across the Atlassian ecosystem, we design and implement solutions that power the System of Work—spanning software development, service management, enterprise strategy &amp; planning, and teamwork foundations. Specialized in ITSM and Cloud, we’re your most reliable partner—we’ve got your back.",,,7483730,326,10701749,Select
team26,14263434,Smart Checklists by TitanApps,Smart Checklists by TitanApps,,,,exhibitors/14263434/media/smart-checklists-by-titanapps.webp,,"TitanApps is a process management solution for enterprises, built with security and compliance at its core. It comes with built-in best practices (a process library) and a set of TitanApps tools to set up any process while addressing approval, change, compliance, and risk management needs.
TitanApps tools (Smart Checklist, Smart Templates, and Smart Hierarchy) - help you organize, automate, and standardize processes across all departments. Unlike other solutions, TitanApps offers an intuitive interface that makes it simple for every team member to get started, even those new to Jira.
TitanApps is designed to help you:
Make Processes Work.
Make Software Development Work.
Make Work Work - in Jira.",,,7483773,105,10701750,Showcase
team26,14169680,Social Studio,Social Studio,,,,,,,,,7483758,118,,
team26,14285162,Sponsor Highlights Lounge,sponsor-highlights-lounge,,,,,,,,,7483763,227,,
team26,14218801,Talent,Talent,,,,,,Connects your workforce to outcomes with an always-on view of people and skills mapped to strategic priorities,,,7395270,Strategy Collection,,
team26,14169675,Team Talk Studio,Team Talk Studio,,,,,,Community champion hosts will be broadcasting live from Team 2026 to the digital audience.,,,7483759,235,,
team26,14218789,Teams,Teams,,,,,,"Make it easy to see who’s doing what. The Teams app gives you a view of people, their projects, and how they connect to work. A single directory and rich team profiles make it simple to find experts and collaborate effectively.",,,7517333,Atlassian Platform,,
team26,14218826,Teamwork Graph,teamwork-graph,,,,,,"Teamwork Graph connects and enriches your work data across every app, system, and platform, creating a single, shared data layer for your entire organization. By unifying context from tools, content, and activity, Teamwork Graph powers richer, more accurate AI across agents and applications — from smarter recommendations to more relevant answers and automations. Visit our booth to see how connected context from Teamwork Graph unlocks AI’s full potential by connecting experiences across all your apps and agents.",,,7517333,Atlassian Platform,,
team26,14285159,Teamwork Graph,Teamwork Graph,,,,,,"Teamwork Graph connects and enriches your work data across every app, system, and platform, creating a single, shared data layer for your entire organization. By unifying context from tools, content, and activity, Teamwork Graph powers richer, more accurate AI across agents and applications — from smarter recommendations to more relevant answers and automations. Visit our booth to see how connected context from Teamwork Graph unlocks AI’s full potential by connecting experiences across all your apps and agents.",,,7517333,Atlassian Platform,,
team26,14263438,TechTime Initiative Group,TechTime Initiative Group,,,,exhibitors/14263438/media/techtime-initiative-group.webp,,"Operational Solutions Built on Atlassian
TechTime builds Marketplace apps that enable structured, accountable, decision-ready Atlassian environments.
We enable practical solution areas across portfolio, service, identity and delivery:

Keeping hierarchies aligned from idea to delivery
Turning knowledge into actionable insight
Governing users and licenses without manual overhead
Making time and capacity visible across support and project work

Our apps are designed for organisations that have outgrown “best effort” configuration and need stability, transparency and control across growing environments.
EasySync keeps hierarchies aligned from initiative to delivery.EasyTime makes support and project effort visible without manual timesheets.UserManagement strengthens identity governance across instances.KB Reports shows which knowledge actually drives value and which content should be retired.
We build for leaders who are responsible for keeping Atlassian environments structured, trusted and audit-ready.",,,7483696,346,10701750,Showcase
team26,14263439,Tempo.io,Tempo.io,,,,exhibitors/14263439/media/tempoio.webp,,"Tempo Software’s modular Strategic Portfolio Management platform helps organizations turn their strategy and resources into measurable value. The Tempo suite of #1 Jira add-ons streamline time-tracking, capacity management, and portfolio management. Trusted by 30,000+ customers and 300 solution partners, Tempo is a leading strategic partner in the Atlassian ecosystem. Discover how to go from static to adaptive strategy at Tempo.io",,,7483696,346,10701752,Strategic
team26,14169688,Theater A,Theater A,,,,,,,,,7483751,301,,
team26,14169689,Theater B,Theater B,,,,,,,,,7483750,300,,
team26,14169693,Theater C,Theater C,,,,,,,,,7483777,111,,
team26,14169681,theCUBE,theCUBE,,,,,,"TheCUBE is about emerging and enterprise technology. Founded in 2010 by SiliconANGLE Media, we produce online shows, podcasts and video stories live from industry events",,,7483754,103,,
team26,14218798,Trello,Trello,,,,,,Capture and organize your tasks. Sign up for free at trello.com.,,,7395275,Teamwork Collection,,
team26,14263442,Trundl,Trundl,,,,exhibitors/14263442/media/trundl.webp,,"Trundl is the Solution Partner behind Rapid Deploy, a proprietary platform that removes the manual effort, risk, and delay from designing, deploying, and evolving Atlassian environments. Rapid Deploy uses responsible AI to help customers:

Accelerate DC to Cloud migrations
Rapid-prototype complex Jira solutions in hours
Compress Atlassian deployments from months to days
Save budget for Rovo &amp; Teamwork Graph enablement
Foster impactful Service Collection activation

Trundl operates out of the US, Canada, and India, and has over a decade of experience deploying and scaling Atlassian solutions for Healthcare, Finance, Manufacturing and other industries. Meet the Trundl team in Anaheim to see how Rapid Deploy can completely change what’s possible with your Atlassian investment.",,,7483691,351,10701751,Signature
team26,14225471,Ventures,ventures,,,,,,"Atlassian Ventures is funding the future of work.
Meet the bold companies we’re backing to build what’s next.",,,7483760,233,,
team26,14170162,Welcome Booth,welcome-desk,,,,,,,,,7483783,225,,
team26,14263444,Xray,Xray,,,,exhibitors/14263444/media/xray.webp,,"Essential to DevOps, Xray natively integrates test management and quality into Jira, ensuring every release is tested, reliable, traceable, and built for scale.",,,7483692,350,10701751,Signature
team26,14263445,yasoon GmbH,yasoon GmbH,,,,exhibitors/14263445/media/yasoon-gmbh.webp?v=18301966,,"yasoon builds advanced apps that connect Microsoft and Atlassian products. Ideal for managing incidents, DevOps, projects and internal support, these solutions keep communication seamlessly connected through Microsoft Teams, Outlook, and cross-tool automation with Jira.",,,7483693,353,10701751,Signature
